cur_prc,trde_qty,trde_prica,dt,open_pric,high_pric,low_pric,upd_stkpc_tp,upd_rt,bic_inds_tp,sm_inds_tp,stk_infr,upd_stkpc_event,pred_close_pric
71200,26286495,1881297,20230904,72900,72900,70700,,,,,,,
70700,12330239,871402,20230905,70900,71500,70200,,,,,,,
70000,11414620,799882,20230906,70700,70800,69700,,,,,,,
70400,13741241,964327,20230907,70000,70600,69600,,,,,,,
70300,10688118,747653,20230908,70200,70300,69600,,,,,,,
70800,11785462,830035,20230911,70400,70800,70000,,,,,,,
70500,11688599,825296,20230912,70800,71000,70400,,,,,,,
70900,15955797,1131860,20230913,71100,71600,70300,,,,,,,
71700,21041407,1504489,20230914,71200,71800,70800,,,,,,,
72000,17823512,1283667,20230915,71700,72300,71400,,,,,,,
70200,16040727,1134189,20230918,71300,71700,70200,,,,,,,
69800,11820188,828073,20230919,70400,70800,69600,,,,,,,
69600,10873015,758467,20230920,70000,70300,69500,,,,,,,
68900,10796336,746680,20230921,69200,69800,68800,,,,,,,
68800,9897840,678768,20230922,68300,68900,68300,,,,,,,
69400,13582516,940526,20230925,68500,69700,68500,,,,,,,
68600,13143470,904380,20230926,70000,70000,68400,4,0.00,,,,,
68400,14886491,1019873,20230927,68600,69100,68200,,,,,,,
67500,23361149,1569870,20231004,67400,67700,66700,,,,,,,
66700,16108313,1078383,20231005,67300,67400,66700,,,,,,,
66000,14386527,955787,20231006,67100,67300,66000,,,,,,,
66400,19889202,1331414,20231010,66200,67600,66200,,,,,,,
68200,25209349,1728594,20231011,68600,69400,67900,,,,,,,
68900,19311380,1330251,20231012,68600,69700,68200,,,,,,,
68000,9724086,661424,20231013,68000,68500,67700,,,,,,,
67300,12599299,848737,20231016,67900,68500,66800,,,,,,,
69400,17299253,1188353,20231017,67700,69900,67400,,,,,,,
70500,16493184,1153209,20231018,68900,70500,68800,,,,,,,
69500,13985012,973452,20231019,69700,70000,69400,,,,,,,
68800,15204495,1045222,20231020,68900,69200,68100,,,,,,,
68400,11625959,796396,20231023,68700,69100,68200,,,,,,,
68500,12791710,874148,20231024,68700,68800,67700,,,,,,,
68000,10610703,724468,20231025,68800,68800,67900,,,,,,,
66700,15517624,1040151,20231026,67000,67900,66700,,,,,,,
67300,11334726,759193,20231027,67100,67300,66700,,,,,,,
67300,10139270,681863,20231030,66800,67800,66700,,,,,,,
66900,14488892,975300,20231031,67600,68300,66900,,,,,,,
68600,13775256,939331,20231101,67500,68900,67300,,,,,,,
69700,16350031,1140762,20231102,70000,70000,69400,,,,,,,
69600,10322234,720443,20231103,69700,70200,69500,,,,,,,
70900,22228489,1555020,20231106,69800,70900,69300,,,,,,,
70900,17228731,1213169,20231107,70600,70900,70000,,,,,,,
69900,12901310,908216,20231108,71300,71400,69700,,,,,,,
70300,12301373,865006,20231109,69900,70800,69600,,,,,,,
70500,9684347,677562,20231110,70000,70500,69500,,,,,,,
70400,9246919,653603,20231113,71300,71300,70300,,,,,,,
70800,9567984,678177,20231114,71000,71100,70600,,,,,,,
72200,20148677,1449276,20231115,71600,72200,71500,,,,,,,
72800,15860451,1151617,20231116,72500,73000,72300,,,,,,,
72500,11494644,834899,20231117,72300,73000,72300,,,,,,,
72700,10610157,771288,20231120,72100,73000,72100,,,,,,,
72800,9712881,709805,20231121,73100,73400,72700,,,,,,,
72800,11105143,803720,20231122,72200,73000,71900,,,,,,,
72400,6775614,491572,20231123,73000,73200,72200,,,,,,,
71700,6676685,481177,20231124,72400,72600,71700,,,,,,,
71300,9113857,651550,20231127,71500,72100,71100,,,,,,,
72700,13283081,958104,20231128,71400,72700,71300,,,,,,,
72700,9283933,673194,20231129,72400,72800,72200,,,,,,,
72800,15783714,1146427,20231130,72700,72800,72200,,,,,,,
72000,9871284,710940,20231201,72400,72500,71700,,,,,,,
72600,10229267,743360,20231204,72800,72900,72400,,,,,,,
71200,12129682,867872,20231205,72300,72400,71200,,,,,,,
71700,8123087,583710,20231206,71800,72100,71600,,,,,,,
71500,8862017,633466,20231207,71800,71900,71100,,,,,,,
72600,10859463,787230,20231208,72100,72800,71900,,,,,,,
73000,9861960,716958,20231211,72800,73000,72200,,,,,,,
73500,13758646,1009135,20231212,73300,73500,73100,,,,,,,
72800,13116766,959556,20231213,73300,73500,72800,,,,,,,
73100,27567593,2025360,20231214,74100,74300,72500,,,,,,,
73300,15419815,1134484,20231215,73800,74000,73200,,,,,,,
72900,9690551,708307,20231218,73300,73400,72800,,,,,,,
73400,8907632,650825,20231219,73000,73400,72800,,,,,,,
74800,16870156,1253492,20231220,74200,74900,73800,,,,,,,
75000,13478766,1006936,20231221,74600,75000,74300,,,,,,,
75900,14515608,1100293,20231222,75800,76300,75400,,,,,,,
76600,13164909,1005443,20231226,76100,76700,75700,,,,,,,
78000,20651042,1600118,20231227,76700,78000,76500,4,0.00,,,,,
78500,17797536,1388291,20231228,77700,78500,77500,,,,,,,
79600,17142847,1356958,20240102,78200,79800,78200,,,,,,,
77000,21753644,1691691,20240103,78500,78800,77000,,,,,,,
76600,15324439,1173913,20240104,76100,77300,76100,,,,,,,
76600,11304316,866836,20240105,76700,77100,76400,,,,,,,
76500,11088724,852681,20240108,77000,77500,76400,,,,,,,
74700,26019249,1971737,20240109,77400,77700,74300,,,,,,,
73600,20259529,1497565,20240110,75000,75200,73200,,,,,,,
73200,57691266,4206813,20240111,72900,73600,72700,,,,,,,
73100,13038939,956812,20240112,73000,74100,72800,,,,,,,
73900,13212339,973180,20240115,73200,74000,73200,,,,,,,
72600,14760415,1075977,20240116,73500,73700,72500,,,,,,,
71000,22683660,1627051,20240117,73100,73300,71000,,,,,,,
71700,17853397,1274268,20240118,71600,72000,70700,,,,,,,
74700,23363427,1729033,20240119,73500,74700,73000,,,,,,,
75100,19673375,1484936,20240122,75900,76000,75000,,,,,,,
75200,14786224,1109207,20240123,75700,75800,74300,,,,,,,
74000,12860661,950730,20240124,75200,75200,73500,,,,,,,
74100,11737747,870262,20240125,74200,74800,73700,,,,,,,
73400,11160062,824499,20240126,73700,74500,73300,,,,,,,
74400,13976521,1040949,20240129,73800,75200,73500,,,,,,,
74300,12244418,910103,20240130,75000,75300,73700,,,,,,,
72700,15703560,1148592,20240131,73400,74000,72500,,,,,,,
73600,19881033,1460989,20240201,73000,74200,72900,,,,,,,
75200,14955881,1116696,20240202,74000,75200,73700,,,,,,,
74300,19026021,1407992,20240205,74200,74800,73500,,,,,,,
74400,14559254,1079407,20240206,74300,74700,73300,,,,,,,
75000,16566445,1241375,20240207,74600,75500,74300,,,,,,,
74100,20810708,1545422,20240208,75000,75200,73600,,,,,,,
75200,21966745,1645919,20240213,74800,75200,74400,,,,,,,
74000,12434945,920047,20240214,73700,74300,73700,,,,,,,
73000,14120600,1037049,20240215,74200,74400,73000,,,,,,,
72800,13444781,979246,20240216,73300,73400,72500,,,,,,,
73800,12726404,936829,20240219,72800,73900,72800,,,,,,,
73300,14681477,1074234,20240220,73700,73700,72800,,,,,,,
73000,11503495,841683,20240221,73400,73700,72900,,,,,,,
73100,15208934,1111908,20240222,73800,73900,72700,,,,,,,
72900,16225166,1189839,20240223,73600,74200,72900,,,,,,,
72800,14669352,1067726,20240226,72300,73200,72200,,,,,,,
72900,13201981,963297,20240227,73100,73400,72700,,,,,,,
73200,11795859,866533,20240228,72900,73900,72800,,,,,,,
73400,21176403,1543929,20240229,72600,73400,72000,,,,,,,
74900,23210474,1730190,20240304,74300,75000,74000,,,,,,,
73700,19505125,1446710,20240305,74600,74800,73700,,,,,,,
72900,21547905,1577128,20240306,73200,73500,72700,,,,,,,
72200,14516963,1054960,20240307,73100,73300,72200,,,,,,,
73300,19271349,1406734,20240308,72800,73400,72600,,,,,,,
72400,9740504,707796,20240311,72900,73100,72300,,,,,,,
73300,13011654,946371,20240312,72600,73500,72100,,,,,,,
74100,15243134,1126213,20240313,73700,74100,73500,,,,,,,
74300,22545539,1672984,20240314,74400,74500,73600,,,,,,,
72300,22580555,1646273,20240315,73400,73700,72300,,,,,,,
72800,11520348,837896,20240318,72600,73000,72500,,,,,,,
72800,15376066,1109067,20240319,72300,73000,71700,,,,,,,
76900,50106297,3799219,20240320,73700,77200,73400,,,,,,,
79300,44569799,3509988,20240321,79200,79300,77700,,,,,,,
78900,26724761,2104544,20240322,79600,79900,77800,,,,,,,
78200,18703996,1472207,20240325,79600,79800,77800,,,,,,,
79900,30551494,2435793,20240326,79700,80100,79200,,,,,,,
79800,17424595,1387268,20240327,79200,80000,79200,,,,,,,
80800,25084812,2014952,20240328,79400,81000,79200,,,,,,,
82400,27126366,2224901,20240329,81200,82500,80900,,,,,,,
82000,20116513,1661276,20240401,83200,83300,82000,,,,,,,
85000,37077944,3125937,20240402,82900,85000,82900,,,,,,,
84100,30493347,2570592,20240403,84300,85000,83500,,,,,,,
85300,25248934,2147310,20240404,85200,85500,84300,,,,,,,
84500,18883752,1593633,20240405,84500,85000,83800,,,,,,,
84500,18953232,1614572,20240408,85200,86000,84500,,,,,,,
83600,23725956,1991487,20240409,84500,84900,83100,,,,,,,
84100,25538009,2138954,20240411,83200,84700,82500,,,,,,,
83700,17061770,1429687,20240412,84700,84900,83200,,,,,,,
82200,26663772,2187767,20240415,82900,83200,81200,,,,,,,
80000,31949845,2564077,20240416,81200,81300,79400,,,,,,,
78900,22611631,1800986,20240417,80700,80800,78900,,,,,,,
79600,21370190,1694197,20240418,78800,80100,78300,,,,,,,
77600,31317563,2423649,20240419,78300,78700,76300,,,,,,,
76100,30469477,2320446,20240422,77400,77500,75100,,,,,,,
75500,18717699,1424155,20240423,76400,76800,75500,,,,,,,
78600,22166150,1732479,20240424,77500,78800,77200,,,,,,,
76300,15549134,1195064,20240425,77300,77500,76300,,,,,,,
76700,12755629,982997,20240426,77800,77900,76500,,,,,,,
76700,14664474,1124366,20240429,77400,77600,76200,,,,,,,
77500,19007007,1477530,20240430,77000,78500,76600,,,,,,,
78000,18900640,1475153,20240502,77600,78600,77300,,,,,,,
77600,13151889,1028554,20240503,79000,79000,77500,,,,,,,
81300,26238868,2112619,20240507,79600,81300,79400,,,,,,,
81300,13089576,1060567,20240508,80800,81400,80500,,,,,,,
79700,18759935,1509120,20240509,81100,81500,79700,,,,,,,
79200,16976124,1351235,20240510,80400,81100,78900,,,,,,,
78400,18652344,1460962,20240513,79400,79900,77600,,,,,,,
78300,11763992,920738,20240514,78600,78800,77900,,,,,,,
78200,20989778,1656385,20240516,80200,80300,78100,,,,,,,
77400,15918201,1237640,20240517,78600,78800,77200,,,,,,,
78900,19456783,1528020,20240520,78100,79100,77900,,,,,,,
78400,13690583,1074831,20240521,78500,79000,78200,,,,,,,
77700,19521506,1522590,20240522,78100,78700,77300,,,,,,,
78300,18728087,1462379,20240523,77700,79100,77100,,,,,,,
75900,27891278,2127292,20240524,76800,77000,75700,,,,,,,
77200,43825202,3306633,20240527,75300,78200,74000,,,,,,,
77600,18539072,1436715,20240528,76500,78000,76200,,,,,,,
75200,30244875,2312008,20240529,77700,78200,75200,,,,,,,
73500,28551273,2117784,20240530,74800,75200,73500,,,,,,,
73500,26198776,1935964,20240531,74500,74700,73500,,,,,,,
75700,15706268,1186657,20240603,74400,76400,74200,,,,,,,
75300,14098053,1065751,20240604,74900,76100,74900,,,,,,,
77400,23177968,1794237,20240605,78000,78000,76800,,,,,,,
77300,21189349,1645298,20240607,78400,78600,77100,,,,,,,
75700,14598755,1109352,20240610,76100,76600,75600,,,,,,,
75200,16971175,1280832,20240611,75900,76000,75100,,,,,,,
76500,19246725,1460415,20240612,75300,77100,75200,,,,,,,
78600,33763804,2648773,20240613,78400,79000,77800,,,,,,,
79600,22926612,1830283,20240614,79700,80500,79000,,,,,,,
78100,16123051,1267631,20240617,79200,79500,78000,,,,,,,
79800,18207598,1451893,20240618,78700,80200,78600,,,,,,,
81200,24168863,1965912,20240619,81100,82500,80500,,,,,,,
81600,20288913,1658024,20240620,81500,82200,81200,,,,,,,
80000,17907523,1437355,20240621,80700,80800,80000,,,,,,,
80600,15454227,1239804,20240624,79700,80900,79500,,,,,,,
80800,19088458,1545796,20240625,80600,81800,80100,,,,,,,
81300,17783242,1436019,20240626,80100,81400,79900,,,,,,,
81600,11739720,953181,20240627,81300,81600,80500,4,0.00,,,,,
81500,9455929,768936,20240628,81900,81900,80800,,,,,,,
81800,11317202,925401,20240701,81500,82100,81300,,,,,,,
81800,14471904,1186008,20240702,82500,82600,81500,,,,,,,
81800,11440328,933802,20240703,82300,82300,81000,,,,,,,
84600,43857229,3679078,20240704,82900,84700,82400,,,,,,,
87100,45791193,3951280,20240705,85600,87100,85200,,,,,,,
87400,24035809,2105162,20240708,87900,88600,86900,,,,,,,
87800,21336201,1869415,20240709,87800,88200,86900,,,,,,,
87800,17813847,1560912,20240710,87600,88000,87100,,,,,,,
87600,24677608,2164539,20240711,88500,88800,86700,,,,,,,
84400,26344386,2234915,20240712,85900,86100,84100,,,,,,,
86700,25193080,2151182,20240715,84700,87300,84100,,,,,,,
87700,16166688,1413744,20240716,86900,88000,86700,,,,,,,
86700,18186490,1585140,20240717,87100,88000,86400,,,,,,,
86900,24721790,2104105,20240718,83800,86900,83800,,,,,,,
84400,18569122,1574018,20240719,85600,86100,84100,,,,,,,
83000,18987560,1581559,20240722,84400,84900,82600,,,,,,,
83900,15766389,1325674,20240723,84200,84700,83400,,,,,,,
82000,16939083,1397137,20240724,82900,83300,81900,,,,,,,
80400,20323811,1634938,20240725,80400,81000,80100,,,,,,,
80900,14508334,1171302,20240726,80700,81300,80400,,,,,,,
81200,12797136,1042595,20240729,81600,82000,81100,,,,,,,
81000,13169636,1058510,20240730,80400,81000,80000,,,,,,,
83900,20744323,1709906,20240731,81200,83900,80900,,,,,,,
83100,20900338,1761066,20240801,86000,86100,83100,,,,,,,
79600,25800275,2072583,20240802,81000,81400,79500,,,,,,,
71400,54608790,4028468,20240805,76700,76900,70200,,,,,,,
72500,47295226,3482608,20240806,74900,75300,72300,,,,,,,
74700,32710428,2439050,20240807,73000,76000,72800,,,,,,,
73400,28414729,2079007,20240808,73200,73900,72500,,,,,,,
74700,16388222,1226725,20240809,75700,75800,74200,,,,,,,
75500,9839259,742668,20240812,75200,75900,74800,,,,,,,
76100,10716261,814879,20240813,76500,76600,75500,,,,,,,
77200,13246168,1023946,20240814,77400,77800,77000,,,,,,,
80200,22061478,1749786,20240816,79400,80200,78700,,,,,,,
78300,14146565,1112867,20240819,80100,80100,78000,,,,,,,
78900,10683836,846451,20240820,79500,79800,78700,,,,,,,
78300,7805598,610445,20240821,77900,78600,77800,,,,,,,
78300,8149101,637689,20240822,78700,78900,77800,,,,,,,
77700,9420306,733115,20240823,77700,78400,77500,,,,,,,
76100,15655938,1200212,20240826,78100,78200,76000,,,,,,,
75800,11130145,845521,20240827,75700,76500,75600,,,,,,,
76400,9794514,743267,20240828,75800,76400,75400,,,,,,,
74000,16884479,1250517,20240829,73600,74700,73500,,,,,,,
74300,16358520,1217839,20240830,74400,75000,74100,,,,,,,
74400,12641376,938130,20240902,74500,74700,73500,,,,,,,
72500,16314599,1195017,20240903,74100,74300,72500,,,,,,,
70000,27366563,1923752,20240904,69800,71100,69800,,,,,,,
69000,25686769,1795890,20240905,70100,71200,69000,,,,,,,
68900,19022299,1309834,20240906,69100,69700,68000,,,,,,,
67500,23263298,1566505,20240909,66900,68200,66600,,,,,,,
66200,30651376,2041162,20240910,67000,67300,66000,,,,,,,
64900,35809707,2325181,20240911,65100,65500,64200,,,,,,,
66300,35884106,2369441,20240912,66000,66600,65200,,,,,,,
64400,25045135,1621747,20240913,65000,65500,64300,,,,,,,
63100,49402713,3115926,20240919,64000,64400,62200,,,,,,,
63000,32746056,2086234,20240920,63800,64700,63000,,,,,,,
62600,28542376,1787974,20240923,62300,63500,62200,,,,,,,
63200,26957500,1695341,20240924,62800,63400,62400,,,,,,,
62200,28652438,1816598,20240925,63800,64200,62200,,,,,,,
64700,37566015,2417513,20240926,63900,64900,63700,,,,,,,
64200,28433030,1842322,20240927,64700,65400,64200,4,0.00,,,,,
61500,32694163,2043450,20240930,64200,64300,61500,,,,,,,
61300,28473536,1737678,20241002,60500,61900,59900,,,,,,,
60600,24247578,1480865,20241004,61000,61700,60500,,,,,,,
61000,35066533,2118597,20241007,60200,61900,59500,,,,,,,
60300,27411786,1652789,20241008,60000,61000,59900,,,,,,,
58900,45262214,2687253,20241010,60100,60200,58900,,,,,,,
59300,29623969,1765729,20241011,59100,60100,59000,,,,,,,
60800,20886249,1262857,20241014,59500,61200,59400,,,,,,,
61000,22715239,1381789,20241015,61100,61400,60100,,,,,,,
59500,23303268,1389152,20241016,59400,60000,59200,,,,,,,
59700,23372873,1391873,20241017,59400,60100,59100,,,,,,,
59200,14420260,857377,20241018,59900,60100,59100,,,,,,,
59000,18514905,1092562,20241021,59000,59600,58500,,,,,,,
57700,27582527,1604867,20241022,58800,58900,57700,,,,,,,
59100,27300780,1598545,20241023,57500,60000,57100,,,,,,,
56600,31499922,1809878,20241024,58200,58500,56600,,,,,,,
55900,25829315,1448168,20241025,56000,56900,55800,,,,,,,
58100,27775009,1597163,20241028,55700,58500,55700,,,,,,,
59600,28369314,1668410,20241029,58000,59600,57300,,,,,,,
59100,19838511,1173730,20241030,59100,59800,58600,,,,,,,
59200,35809196,2141846,20241031,58500,61200,58300,,,,,,,
58300,19083180,1121094,20241101,59000,59600,58100,,,,,,,
58700,15586947,916941,20241104,58600,59400,58400,,,,,,,
57600,17484474,1007627,20241105,57800,58100,57200,,,,,,,
57300,22092218,1262148,20241106,57600,58000,56300,,,,,,,
57500,17043102,982115,20241107,56900,58100,56800,,,,,,,
57000,13877396,799664,20241108,58000,58300,57000,,,,,,,
55000,29811326,1654821,20241111,56700,56800,55000,,,,,,,
53000,37962881,2037791,20241112,54600,54600,53000,,,,,,,
50600,52527995,2704093,20241113,52000,53000,50500,,,,,,,
49900,48510715,2465304,20241114,50200,51800,49900,,,,,,,
53500,46774485,2464749,20241115,50300,54200,50300,,,,,,,
56700,48095234,2726095,20241118,57000,57500,55900,,,,,,,
56300,31539632,1786885,20241119,56500,57500,55900,,,,,,,
55300,20864667,1156033,20241120,56100,56500,54800,,,,,,,
56400,19096850,1068199,20241121,54900,56900,54700,,,,,,,
56000,15281543,860561,20241122,56000,56700,55900,,,,,,,
57900,36237325,2086463,20241125,57400,57900,56700,,,,,,,
58300,23209405,1350434,20241126,57900,58900,57500,,,,,,,
56300,21808387,1236109,20241127,57700,57800,56000,,,,,,,
55500,20001134,1114565,20241128,56000,56400,55200,,,,,,,
54200,24513531,1331024,20241129,55100,55300,53800,,,,,,,
53600,22044867,1184225,20241202,54300,54400,53100,,,,,,,
53600,23374603,1257635,20241203,53100,54400,53100,,,,,,,
53100,29004766,1533224,20241204,52000,53400,52000,,,,,,,
53700,23588277,1270914,20241205,53200,54400,53200,,,,,,,
54100,22861874,1232013,20241206,53900,54400,52700,,,,,,,
53400,26227680,1409456,20241209,53500,54600,53200,,,,,,,
54000,20783970,1122596,20241210,54500,54500,53700,,,,,,,
54000,14565947,784683,20241211,53600,54200,53400,,,,,,,
55900,33476698,1853172,20241212,54000,56500,53900,,,,,,,
56100,15908823,890640,20241213,55800,56300,55500,,,,,,,
55600,15277277,853551,20241216,56300,56600,55200,,,,,,,
54200,20215230,1099985,20241217,54700,55200,54000,,,,,,,
54900,13698937,752377,20241218,54100,55400,54000,,,,,,,
53100,22481925,1200142,20241219,53500,53800,53100,,,,,,,
53000,24674774,1292090,20241220,52700,53100,51900,,,,,,,
53500,13672650,733841,20241223,53400,54000,53300,,,,,,,
54400,11634677,629473,20241224,53700,54500,53600,,,,,,,
53600,10517075,567623,20241226,54500,54600,53500,,,,,,,
53700,10747196,576023,20241227,53500,54100,53200,4,0.00,,,,,
53200,12624702,675490,20241230,53300,54000,53100,,,,,,,
53400,16630538,878413,20250102,52700,53600,52300,,,,,,,
54400,19318046,1047542,20250103,52800,55100,52800,,,,,,,
55900,19034284,1058889,20250106,54400,56200,54300,,,,,,,
55400,17030235,957162,20250107,56800,57300,55400,,,,,,,
57300,26593553,1508091,20250108,54800,57500,54700,,,,,,,
56100,24490592,1390326,20250109,57600,57700,56100,,,,,,,
55300,16059223,893462,20250110,56100,56500,55200,,,,,,,
54100,16868600,917178,20250113,54600,55000,54100,,,,,,,
53900,17465926,944534,20250114,54200,54600,53700,,,,,,,
53700,18625025,1005085,20250115,54100,54700,53500,,,,,,,
54300,18627298,1014923,20250116,54200,55000,54100,,,,,,,
53700,18805344,1007047,20250117,53800,54100,53200,,,,,,,
53400,11822531,633049,20250120,53600,53900,53300,,,,,,,
53500,13535702,726599,20250121,53700,54300,53300,,,,,,,
54300,18341991,984308,20250122,53400,54400,53100,,,,,,,
53700,15588067,837442,20250123,53700,54100,53500,,,,,,,
53700,11867631,635529,20250124,53600,53800,53200,,,,,,,
52400,42186279,2207004,20250131,52200,53000,51700,,,,,,,
51000,32344897,1649572,20250203,51100,51400,50800,,,,,,,
52700,27214851,1437276,20250204,51600,53600,51500,,,,,,,
52900,15974885,849380,20250205,53600,53800,52800,,,,,,,
54000,16466025,881509,20250206,53400,54000,53200,,,,,,,
53700,14476866,779741,20250207,53900,54200,53600,,,,,,,
55600,27577591,1505751,20250210,53000,55900,52900,,,,,,,
55700,24596196,1370658,20250211,55500,56300,55000,,,,,,,
55800,26428596,1460112,20250212,55100,55900,54500,,,,,,,
55800,22448377,1256946,20250213,56100,56400,55600,,,,,,,
56000,23979779,1354475,20250214,56000,57300,56000,,,,,,,
56000,11916027,667146,20250217,56100,56500,55700,,,,,,,
56900,22131007,1254588,20250218,56200,57200,55900,,,,,,,
58700,25395151,1481742,20250219,57400,58900,57300,,,,,,,
58400,21589059,1264910,20250220,59100,59100,58100,,,,,,,
58200,22198428,1281507,20250221,58400,58500,57100,,,,,,,
57300,14138471,811217,20250224,57300,57700,57200,,,,,,,
57200,14625181,837240,20250225,56600,57800,56500,,,,,,,
56600,18117091,1024931,20250226,57000,57100,56100,,,,,,,
56300,14975356,846531,20250227,56500,57100,56200,,,,,,,
54500,28036698,1540205,20250228,55400,55700,54500,,,,,,,
54500,18553933,1010215,20250304,53900,55000,53800,,,,,,,
54000,16578817,902622,20250305,55100,55400,54000,,,,,,,
54300,12258101,664505,20250306,54100,54500,54000,,,,,,,
53700,14274992,768394,20250307,53500,54200,53400,,,,,,,
53700,12921670,699341,20250310,53500,54800,53500,,,,,,,
53600,17740891,944012,20250311,52500,54100,52500,,,,,,,
54900,17973221,983462,20250312,53800,55300,53600,,,,,,,
54700,24132151,1327792,20250313,55800,55900,54200,,,,,,,
54700,10845154,594159,20250314,54500,55100,54400,,,,,,,
57600,35559021,2036157,20250317,55500,57800,55400,,,,,,,
57600,28138594,1638462,20250318,58800,59000,57300,,,,,,,
58500,29421759,1727221,20250319,57400,59200,57400,,,,,,,
60200,34989004,2088152,20250320,59200,60300,58500,,,,,,,
61700,40155612,2460691,20250321,60900,61700,60400,,,,,,,
60500,14088094,860213,20250324,61200,61600,60500,,,,,,,
59800,17259455,1039802,20250325,60900,61100,59500,,,,,,,
61400,16431645,1001627,20250326,59800,61400,59700,,,,,,,
61800,20389790,1256946,20250327,60900,62000,60800,,,,,,,
60200,16282514,983700,20250328,60700,61100,60000,4,0.00,,,,,
57800,17633494,1029324,20250331,59500,59700,57800,,,,,,,
58800,13841706,813517,20250401,58700,59600,57900,,,,,,,
58800,14402297,847775,20250402,58800,59400,58300,,,,,,,
57600,19508076,1118163,20250403,56900,57800,56900,,,,,,,
56100,23527139,1330710,20250404,56200,58200,55700,,,,,,,
53200,31998883,1713618,20250407,53300,54100,53100,,,,,,,
53500,25532845,1382306,20250408,55000,55300,53300,,,,,,,
53000,20576960,1101141,20250409,53300,54300,52900,,,,,,,
56400,22948172,1287044,20250410,56600,56700,55000,,,,,,,
55200,13930480,768599,20250411,55600,55700,54800,,,,,,,
56200,12852613,722365,20250414,56300,56700,55800,,,,,,,
56600,8998640,510391,20250415,56300,57100,56200,,,,,,,
54700,14437025,795695,20250416,56000,56200,54500,,,,,,,
55100,10867069,597525,20250417,54700,55300,54500,,,,,,,
55300,5848342,323290,20250418,55300,55600,54900,,,,,,,
55400,5941847,329495,20250421,55200,56000,55100,,,,,,,
55000,9532469,524576,20250422,54900,55500,54700,,,,,,,
55700,11148692,622063,20250423,56000,56100,55500,,,,,,,
55700,10580377,587440,20250424,55600,55800,55200,,,,,,,
55700,12183303,681776,20250425,56400,56400,55600,,,,,,,
55800,9341518,520363,20250428,55800,55900,55500,,,,,,,
55800,10295518,576762,20250429,55700,56500,55600,,,,,,,
55500,13014189,723346,20250430,55900,56000,55300,,,,,,,
54300,22454204,1227727,20250502,55000,55500,54200,,,,,,,
54600,17136991,934600,20250507,54500,55000,54300,,,,,,,
54600,16320532,894447,20250508,55100,55500,54500,,,,,,,
54800,7814322,427710,20250509,54700,55000,54400,,,,,,,
57600,15414702,865629,20250512,55200,57600,55000,,,,,,,
56900,16842801,964867,20250513,57700,58200,56800,,,,,,,
57400,12468089,716126,20250514,57500,57900,57000,,,,,,,
57300,13139736,758309,20250515,57400,58600,57100,,,,,,,
56800,10385352,591058,20250516,57400,57500,56700,,,,,,,
55800,9802105,547396,20250519,56400,56400,55500,,,,,,,
55900,9080577,509072,20250520,56200,56700,55700,,,,,,,
55700,7794181,436953,20250521,56200,56600,55700,,,,,,,
54700,15254278,836539,20250522,55300,55500,54500,,,,,,,
54200,11247115,613227,20250523,55000,55200,54100,,,,,,,
54700,10901337,592151,20250526,53900,55000,53700,,,,,,,
53900,13439520,726275,20250527,54200,54500,53800,,,,,,,
55900,17516283,973210,20250528,54300,56100,54200,,,,,,,
56100,12936810,725424,20250529,56200,56400,55600,,,,,,,
56200,26219683,1480159,20250530,56200,57200,55800,,,,,,,
56800,12870515,730319,20250602,56300,57300,56200,,,,,,,
57800,19649983,1130355,20250604,57200,57900,56800,,,,,,,
59100,23266027,1374247,20250605,58100,59900,57900,,,,,,,
59800,19609659,1177551,20250609,60400,60400,59500,,,,,,,
59200,15305760,906587,20250610,60000,60100,58800,,,,,,,
59900,13610734,813621,20250611,59500,60100,59400,,,,,,,
59500,17755115,1057637,20250612,59700,60000,59300,,,,,,,
58300,20705979,1210886,20250613,60200,60200,57700,,,,,,,
57200,22200872,1270631,20250616,58000,58100,56900,,,,,,,
58100,28637003,1679976,20250617,57800,59800,57400,,,,,,,
59800,17620705,1042741,20250618,58000,59800,57900,,,,,,,
59200,16876278,1003457,20250619,60500,60600,59000,,,,,,,
59500,18072251,1074366,20250620,59400,59800,59100,,,,,,,
58000,16551694,960057,20250623,58400,58500,57600,,,,,,,
60500,23737899,1427749,20250624,59400,60600,59300,,,,,,,
61300,23933612,1457360,20250625,61500,61600,60300,,,,,,,
60200,19402300,1171825,20250626,61300,61300,59900,,,,,,,
60800,17340470,1053939,20250627,60100,61600,60000,4,0.00,,,,,
59800,17110294,1030779,20250630,61200,61200,59800,,,,,,,
60200,13650991,827469,20250701,60400,61100,60200,,,,,,,
60800,15047951,909033,20250702,60200,60900,59800,,,,,,,
63800,32040639,2006401,20250703,61300,63800,61100,,,,,,,
63300,23748959,1509811,20250704,64700,64700,63000,,,,,,,
61700,17164708,1069011,20250707,62900,63300,61700,,,,,,,
61400,20213724,1243103,20250708,61600,62400,61000,,,,,,,
60400,17533415,1062832,20250709,61400,61400,60200,,,,,,,
61000,14768473,899089,20250710,60600,61200,60400,,,,,,,
62600,19140650,1193448,20250711,61300,62800,61200,,,,,,,
62500,13563846,843867,20250714,62300,62600,61800,,,,,,,
63700,18442202,1164849,20250715,62300,63800,62000,,,,,,,
64700,23042660,1479498,20250716,63700,64700,63100,,,,,,,
66700,39448683,2597602,20250717,65900,66800,64400,,,,,,,
67100,23951531,1607582,20250718,67000,67800,66300,,,,,,,
67800,17723148,1204017,20250721,67400,68800,67200,,,,,,,
66000,20829006,1389856,20250722,68100,68500,65600,,,,,,,
66400,15687058,1033696,20250723,66200,66500,64900,,,,,,,
66000,12660193,839577,20250724,66500,66800,65900,,,,,,,
65900,8080910,532537,20250725,65700,66300,65500,,,,,,,
70400,35332500,2431397,20250728,68200,70400,67200,,,,,,,
70600,28190940,1977721,20250729,70800,70800,68800,,,,,,,
72600,34761444,2521446,20250730,71000,73700,70600,,,,,,,
71400,26568072,1907638,20250731,73000,74000,71000,,,,,,,
68900,24038534,1680885,20250801,70200,72000,68800,,,,,,,
69700,14780072,1030550,20250804,69500,70200,68700,,,,,,,
69900,14392903,1012314,20250805,71000,71500,69700,,,,,,,
68800,12542415,863116,20250806,69200,69400,68300,,,,,,,
70500,15008213,1055403,20250807,70800,71000,69700,,,,,,,
